{"cameraMode":{"drawMode":0,"name":"Shaded","section":"Shading Mode"},"sceneLighting":true,"audioPlay":false,"sceneViewState":{"m_AlwaysRefresh":false,"showFog":true,"showSkybox":true,"showFlares":true,"showImageEffects":true,"showParticleSystems":true,"showVisualEffectGraphs":true,"m_FxEnabled":true},"in2DMode":false,"pivot":{"x":-4.014290809631348,"y":3.7417078018188478,"z":4.660039901733398},"rotation":{"x":-0.03537631779909134,"y":0.7851960062980652,"z":-0.045048147439956668,"w":-0.6165966987609863},"size":14.168386459350586,"orthographic":false}